pitch_type,zone,hand,n,ball,called,whiff,foul,out,single,double,hr,ball_pct,called_pct,whiff_pct,foul_pct,out_pct,single_pct,double_pct,hr_pct
FF,1,RR,1093,0,252,199,378,193,43,14,14,0.0,23.1,18.2,34.6,17.7,3.9,1.3,1.3
FF,1,RL,1997,0,625,396,621,245,65,28,17,0.0,31.3,19.8,31.1,12.3,3.3,1.4,0.9
FF,1,LR,806,0,190,112,307,138,38,12,9,0.0,23.6,13.9,38.1,17.1,4.7,1.5,1.1
FF,1,LL,299,0,135,50,75,27,6,6,0,0.0,45.2,16.7,25.1,9.0,2.0,2.0,0.0
FF,2,RR,1683,0,261,320,665,313,77,23,24,0.0,15.5,19.0,39.5,18.6,4.6,1.4,1.4
FF,2,RL,2056,0,289,415,820,372,95,31,34,0.0,14.1,20.2,39.9,18.1,4.6,1.5,1.7
FF,2,LR,1174,0,162,236,482,205,57,18,14,0.0,13.8,20.1,41.1,17.5,4.9,1.5,1.2
FF,2,LL,387,0,67,79,139,70,19,9,4,0.0,17.3,20.4,35.9,18.1,4.9,2.3,1.0
FF,3,RR,1422,0,449,268,454,165,57,16,13,0.0,31.6,18.8,31.9,11.6,4.0,1.1,0.9
FF,3,RL,1220,0,241,166,497,238,44,16,18,0.0,19.8,13.6,40.7,19.5,3.6,1.3,1.5
FF,3,LR,874,0,268,167,296,98,22,14,9,0.0,30.7,19.1,33.9,11.2,2.5,1.6,1.0
FF,3,LL,258,0,47,53,92,43,12,5,6,0.0,18.2,20.5,35.7,16.7,4.7,1.9,2.3
FF,4,RR,881,0,186,84,276,214,73,26,22,0.0,21.1,9.5,31.3,24.3,8.3,3.0,2.5
FF,4,RL,1798,0,654,210,567,235,87,37,8,0.0,36.4,11.7,31.5,13.1,4.8,2.1,0.4
FF,4,LR,880,0,273,37,259,213,65,18,15,0.0,31.0,4.2,29.4,24.2,7.4,2.0,1.7
FF,4,LL,380,0,149,51,108,52,13,5,2,0.0,39.2,13.4,28.4,13.7,3.4,1.3,0.5
FF,5,RR,1587,0,350,180,564,297,109,43,44,0.0,22.1,11.3,35.5,18.7,6.9,2.7,2.8
FF,5,RL,2087,0,430,205,761,437,140,55,59,0.0,20.6,9.8,36.5,20.9,6.7,2.6,2.8
FF,5,LR,1064,0,204,88,383,267,72,25,25,0.0,19.2,8.3,36.0,25.1,6.8,2.3,2.3
FF,5,LL,406,0,98,57,124,82,27,9,9,0.0,24.1,14.0,30.5,20.2,6.7,2.2,2.2
FF,6,RR,1671,0,650,210,458,236,73,28,16,0.0,38.9,12.6,27.4,14.1,4.4,1.7,1.0
FF,6,RL,1440,0,401,103,455,325,79,37,40,0.0,27.8,7.2,31.6,22.6,5.5,2.6,2.8
FF,6,LR,783,0,251,108,256,104,38,19,7,0.0,32.1,13.8,32.7,13.3,4.9,2.4,0.9
FF,6,LL,220,0,49,28,83,44,11,4,1,0.0,22.3,12.7,37.7,20.0,5.0,1.8,0.5
FF,7,RR,348,0,178,12,57,70,22,8,1,0.0,51.1,3.4,16.4,20.1,6.3,2.3,0.3
FF,7,RL,709,0,455,28,104,77,30,10,5,0.0,64.2,3.9,14.7,10.9,4.2,1.4,0.7
FF,7,LR,438,0,254,15,84,61,13,6,5,0.0,58.0,3.4,19.2,13.9,3.0,1.4,1.1
FF,7,LL,219,0,145,11,32,18,10,3,0,0.0,66.2,5.0,14.6,8.2,4.6,1.4,0.0
FF,8,RR,777,0,375,45,164,124,45,14,10,0.0,48.3,5.8,21.1,16.0,5.8,1.8,1.3
FF,8,RL,1070,0,522,55,218,179,59,22,15,0.0,48.8,5.1,20.4,16.7,5.5,2.1,1.4
FF,8,LR,470,0,212,30,104,81,32,6,5,0.0,45.1,6.4,22.1,17.2,6.8,1.3,1.1
FF,8,LL,194,0,102,13,35,31,7,5,1,0.0,52.6,6.7,18.0,16.0,3.6,2.6,0.5
FF,9,RR,950,0,645,47,132,80,37,7,2,0.0,67.9,4.9,13.9,8.4,3.9,0.7,0.2
FF,9,RL,839,0,477,29,153,118,38,12,12,0.0,56.9,3.5,18.2,14.1,4.5,1.4,1.4
FF,9,LR,330,0,204,13,57,38,15,2,1,0.0,61.8,3.9,17.3,11.5,4.5,0.6,0.3
FF,9,LL,100,0,45,6,30,13,2,2,2,0.0,45.0,6.0,30.0,13.0,2.0,2.0,2.0
FF,11,RR,2743,1808,0,320,408,153,29,13,12,65.9,0.0,11.7,14.9,5.6,1.1,0.5,0.4
FF,11,RL,5677,4427,0,496,515,170,36,23,10,78.0,0.0,8.7,9.1,3.0,0.6,0.4,0.2
FF,11,LR,1669,1078,0,211,229,117,23,7,4,64.6,0.0,12.6,13.7,7.0,1.4,0.4,0.2
FF,11,LL,665,531,0,56,48,19,8,3,0,79.8,0.0,8.4,7.2,2.9,1.2,0.5,0.0
FF,12,RR,2967,2082,0,320,378,132,38,10,7,70.2,0.0,10.8,12.7,4.4,1.3,0.3,0.2
FF,12,RL,2502,1563,0,276,441,162,42,15,3,62.5,0.0,11.0,17.6,6.5,1.7,0.6,0.1
FF,12,LR,2643,1909,0,303,312,81,25,11,2,72.2,0.0,11.5,11.8,3.1,0.9,0.4,0.1
FF,12,LL,581,368,0,95,89,19,5,1,4,63.3,0.0,16.4,15.3,3.3,0.9,0.2,0.7
FF,13,RR,450,351,0,9,44,37,6,2,1,78.0,0.0,2.0,9.8,8.2,1.3,0.4,0.2
FF,13,RL,1150,1011,0,23,50,49,9,7,1,87.9,0.0,2.0,4.3,4.3,0.8,0.6,0.1
FF,13,LR,930,804,0,24,61,30,6,4,1,86.5,0.0,2.6,6.6,3.2,0.6,0.4,0.1
FF,13,LL,506,458,0,11,24,7,5,1,0,90.5,0.0,2.2,4.7,1.4,1.0,0.2,0.0
FF,14,RR,2252,2026,0,71,87,50,14,3,1,90.0,0.0,3.2,3.9,2.2,0.6,0.1,0.0
FF,14,RL,1616,1350,0,63,113,66,14,7,3,83.5,0.0,3.9,7.0,4.1,0.9,0.4,0.2
FF,14,LR,530,435,0,24,46,14,10,1,0,82.1,0.0,4.5,8.7,2.6,1.9,0.2,0.0
FF,14,LL,102,67,0,5,16,8,4,2,0,65.7,0.0,4.9,15.7,7.8,3.9,2.0,0.0
SI,1,RR,711,0,186,59,216,181,52,6,11,0.0,26.2,8.3,30.4,25.5,7.3,0.8,1.5
SI,1,RL,380,0,139,44,113,55,19,6,4,0.0,36.6,11.6,29.7,14.5,5.0,1.6,1.1
SI,1,LR,169,0,94,12,42,14,5,1,1,0.0,55.6,7.1,24.9,8.3,3.0,0.6,0.6
SI,1,LL,102,0,71,8,16,6,1,0,0,0.0,69.6,7.8,15.7,5.9,1.0,0.0,0.0
SI,2,RR,640,0,234,60,174,119,38,8,7,0.0,36.6,9.4,27.2,18.6,5.9,1.3,1.1
SI,2,RL,383,0,139,31,123,61,21,4,4,0.0,36.3,8.1,32.1,15.9,5.5,1.0,1.0
SI,2,LR,257,0,63,32,94,43,14,7,4,0.0,24.5,12.5,36.6,16.7,5.4,2.7,1.6
SI,2,LL,219,0,80,25,65,34,10,2,3,0.0,36.5,11.4,29.7,15.5,4.6,0.9,1.4
SI,3,RR,367,0,245,34,41,30,13,3,1,0.0,66.8,9.3,11.2,8.2,3.5,0.8,0.3
SI,3,RL,281,0,177,14,43,27,12,6,2,0.0,63.0,5.0,15.3,9.6,4.3,2.1,0.7
SI,3,LR,252,0,94,27,83,28,17,3,0,0.0,37.3,10.7,32.9,11.1,6.7,1.2,0.0
SI,3,LL,226,0,53,16,70,53,31,3,0,0.0,23.5,7.1,31.0,23.5,13.7,1.3,0.0
SI,4,RR,1236,0,245,42,379,386,141,23,20,0.0,19.8,3.4,30.7,31.2,11.4,1.9,1.6
SI,4,RL,675,0,170,47,190,171,73,17,7,0.0,25.2,7.0,28.1,25.3,10.8,2.5,1.0
SI,4,LR,298,0,137,10,60,56,22,5,8,0.0,46.0,3.4,20.1,18.8,7.4,1.7,2.7
SI,4,LL,225,0,149,9,26,27,10,4,0,0.0,66.2,4.0,11.6,12.0,4.4,1.8,0.0
SI,5,RR,1263,0,356,64,317,320,154,33,19,0.0,28.2,5.1,25.1,25.3,12.2,2.6,1.5
SI,5,RL,597,0,135,32,182,150,56,21,21,0.0,22.6,5.4,30.5,25.1,9.4,3.5,3.5
SI,5,LR,468,0,102,25,139,120,56,16,10,0.0,21.8,5.3,29.7,25.6,12.0,3.4,2.1
SI,5,LL,366,0,113,26,95,79,35,11,7,0.0,30.9,7.1,26.0,21.6,9.6,3.0,1.9
SI,6,RR,800,0,485,39,112,104,40,12,8,0.0,60.6,4.9,14.0,13.0,5.0,1.5,1.0
SI,6,RL,410,0,206,15,64,81,31,10,3,0.0,50.2,3.7,15.6,19.8,7.6,2.4,0.7
SI,6,LR,372,0,97,23,118,86,31,10,7,0.0,26.1,6.2,31.7,23.1,8.3,2.7,1.9
SI,6,LL,360,0,70,18,122,103,36,6,5,0.0,19.4,5.0,33.9,28.6,10.0,1.7,1.4
SI,7,RR,919,0,276,77,253,192,84,29,8,0.0,30.0,8.4,27.5,20.9,9.1,3.2,0.9
SI,7,RL,469,0,139,17,134,134,38,7,0,0.0,29.6,3.6,28.6,28.6,8.1,1.5,0.0
SI,7,LR,244,0,155,8,37,26,10,7,1,0.0,63.5,3.3,15.2,10.7,4.1,2.9,0.4
SI,7,LL,246,0,190,10,10,25,7,4,0,0.0,77.2,4.1,4.1,10.2,2.8,1.6,0.0
SI,8,RR,1070,0,477,57,215,200,89,24,8,0.0,44.6,5.3,20.1,18.7,8.3,2.2,0.7
SI,8,RL,513,0,200,24,117,112,49,5,6,0.0,39.0,4.7,22.8,21.8,9.6,1.0,1.2
SI,8,LR,352,0,143,12,70,82,34,7,4,0.0,40.6,3.4,19.9,23.3,9.7,2.0,1.1
SI,8,LL,321,0,157,21,51,64,23,2,3,0.0,48.9,6.5,15.9,19.9,7.2,0.6,0.9
SI,9,RR,795,0,554,30,81,85,32,12,1,0.0,69.7,3.8,10.2,10.7,4.0,1.5,0.1
SI,9,RL,351,0,216,5,55,43,23,4,5,0.0,61.5,1.4,15.7,12.3,6.6,1.1,1.4
SI,9,LR,250,0,107,9,55,61,17,0,1,0.0,42.8,3.6,22.0,24.4,6.8,0.0,0.4
SI,9,LL,272,0,94,27,69,66,11,4,1,0.0,34.6,9.9,25.4,24.3,4.0,1.5,0.4
SI,11,RR,1880,1130,0,107,344,226,62,8,3,60.1,0.0,5.7,18.3,12.0,3.3,0.4,0.2
SI,11,RL,1087,869,0,71,95,27,18,3,4,79.9,0.0,6.5,8.7,2.5,1.7,0.3,0.4
SI,11,LR,257,211,0,15,17,13,1,0,0,82.1,0.0,5.8,6.6,5.1,0.4,0.0,0.0
SI,11,LL,185,173,0,2,7,2,0,1,0,93.5,0.0,1.1,3.8,1.1,0.0,0.5,0.0
SI,12,RR,560,512,0,16,19,11,2,0,0,91.4,0.0,2.9,3.4,2.0,0.4,0.0,0.0
SI,12,RL,412,363,0,14,19,15,0,0,1,88.1,0.0,3.4,4.6,3.6,0.0,0.0,0.2
SI,12,LR,686,519,0,58,67,36,4,1,1,75.7,0.0,8.5,9.8,5.2,0.6,0.1,0.1
SI,12,LL,560,315,0,50,114,66,13,0,2,56.3,0.0,8.9,20.4,11.8,2.3,0.0,0.4
SI,13,RR,1715,1006,0,204,299,140,47,14,5,58.7,0.0,11.9,17.4,8.2,2.7,0.8,0.3
SI,13,RL,939,660,0,72,102,74,31,0,0,70.3,0.0,7.7,10.9,7.9,3.3,0.0,0.0
SI,13,LR,536,483,0,13,20,14,4,2,0,90.1,0.0,2.4,3.7,2.6,0.7,0.4,0.0
SI,13,LL,504,469,0,14,11,8,2,0,0,93.1,0.0,2.8,2.2,1.6,0.4,0.0,0.0
SI,14,RR,1832,1733,0,28,34,33,3,0,1,94.6,0.0,1.5,1.9,1.8,0.2,0.0,0.1
SI,14,RL,793,716,0,16,27,27,5,2,0,90.3,0.0,2.0,3.4,3.4,0.6,0.3,0.0
SI,14,LR,530,398,0,31,41,37,19,4,0,75.1,0.0,5.8,7.7,7.0,3.6,0.8,0.0
SI,14,LL,394,205,0,70,67,32,11,8,1,52.0,0.0,17.8,17.0,8.1,2.8,2.0,0.3
FC,1,RR,171,0,58,34,53,13,6,3,4,0.0,33.9,19.9,31.0,7.6,3.5,1.8,2.3
FC,1,RL,332,0,185,64,55,17,9,2,0,0.0,55.7,19.3,16.6,5.1,2.7,0.6,0.0
FC,1,LR,148,0,31,15,61,26,13,2,0,0.0,20.9,10.1,41.2,17.6,8.8,1.4,0.0
FC,1,LL,38,0,21,4,7,4,2,0,0,0.0,55.3,10.5,18.4,10.5,5.3,0.0,0.0
FC,2,RR,313,0,94,58,84,53,10,5,9,0.0,30.0,18.5,26.8,16.9,3.2,1.6,2.9
FC,2,RL,435,0,118,88,135,69,17,3,5,0.0,27.1,20.2,31.0,15.9,3.9,0.7,1.1
FC,2,LR,144,0,41,27,45,19,8,3,1,0.0,28.5,18.8,31.3,13.2,5.6,2.1,0.7
FC,2,LL,51,0,22,7,12,7,1,1,1,0.0,43.1,13.7,23.5,13.7,2.0,2.0,2.0
FC,3,RR,274,0,86,50,80,47,6,3,2,0.0,31.4,18.2,29.2,17.2,2.2,1.1,0.7
FC,3,RL,374,0,76,42,137,91,20,6,2,0.0,20.3,11.2,36.6,24.3,5.3,1.6,0.5
FC,3,LR,101,0,59,18,18,2,3,1,0,0.0,58.4,17.8,17.8,2.0,3.0,1.0,0.0
FC,3,LL,26,0,8,4,8,4,0,1,1,0.0,30.8,15.4,30.8,15.4,0.0,3.8,3.8
FC,4,RR,159,0,65,12,48,18,10,6,0,0.0,40.9,7.5,30.2,11.3,6.3,3.8,0.0
FC,4,RL,277,0,149,20,58,40,7,2,1,0.0,53.8,7.2,20.9,14.4,2.5,0.7,0.4
FC,4,LR,187,0,29,14,65,47,15,10,7,0.0,15.5,7.5,34.8,25.1,8.0,5.3,3.7
FC,4,LL,97,0,25,16,23,23,8,2,0,0.0,25.8,16.5,23.7,23.7,8.2,2.1,0.0
FC,5,RR,423,0,80,38,141,101,33,11,19,0.0,18.9,9.0,33.3,23.9,7.8,2.6,4.5
FC,5,RL,458,0,99,37,139,114,37,15,17,0.0,21.6,8.1,30.3,24.9,8.1,3.3,3.7
FC,5,LR,195,0,44,17,61,45,17,7,4,0.0,22.6,8.7,31.3,23.1,8.7,3.6,2.1
FC,5,LL,72,0,13,7,23,22,3,2,2,0.0,18.1,9.7,31.9,30.6,4.2,2.8,2.8
FC,6,RR,533,0,149,63,152,122,34,10,3,0.0,28.0,11.8,28.5,22.9,6.4,1.9,0.6
FC,6,RL,551,0,79,34,230,141,43,13,11,0.0,14.3,6.2,41.7,25.6,7.8,2.4,2.0
FC,6,LR,134,0,51,8,44,23,8,0,0,0.0,38.1,6.0,32.8,17.2,6.0,0.0,0.0
FC,6,LL,27,0,7,4,7,8,1,0,0,0.0,25.9,14.8,25.9,29.6,3.7,0.0,0.0
FC,7,RR,71,0,38,5,13,8,3,3,1,0.0,53.5,7.0,18.3,11.3,4.2,4.2,1.4
FC,7,RL,192,0,124,9,23,25,9,1,1,0.0,64.6,4.7,12.0,13.0,4.7,0.5,0.5
FC,7,LR,167,0,39,23,61,30,7,4,3,0.0,23.4,13.8,36.5,18.0,4.2,2.4,1.8
FC,7,LL,87,0,30,14,12,24,6,0,1,0.0,34.5,16.1,13.8,27.6,6.9,0.0,1.1
FC,8,RR,262,0,91,20,57,70,15,8,1,0.0,34.7,7.6,21.8,26.7,5.7,3.1,0.4
FC,8,RL,284,0,94,23,66,70,23,4,4,0.0,33.1,8.1,23.2,24.6,8.1,1.4,1.4
FC,8,LR,137,0,34,12,43,27,12,4,5,0.0,24.8,8.8,31.4,19.7,8.8,2.9,3.6
FC,8,LL,51,0,17,5,10,13,3,2,1,0.0,33.3,9.8,19.6,25.5,5.9,3.9,2.0
FC,9,RR,440,0,158,58,104,87,29,4,0,0.0,35.9,13.2,23.6,19.8,6.6,0.9,0.0
FC,9,RL,293,0,79,40,99,48,18,6,3,0.0,27.0,13.7,33.8,16.4,6.1,2.0,1.0
FC,9,LR,89,0,49,6,9,16,8,1,0,0.0,55.1,6.7,10.1,18.0,9.0,1.1,0.0
FC,9,LL,10,0,4,1,4,0,1,0,0,0.0,40.0,10.0,40.0,0.0,10.0,0.0,0.0
FC,11,RR,302,223,0,33,33,8,2,1,2,73.8,0.0,10.9,10.9,2.6,0.7,0.3,0.7
FC,11,RL,933,833,0,50,37,8,4,1,0,89.3,0.0,5.4,4.0,0.9,0.4,0.1,0.0
FC,11,LR,297,177,0,24,68,18,5,3,2,59.6,0.0,8.1,22.9,6.1,1.7,1.0,0.7
FC,11,LL,84,68,0,6,3,4,3,0,0,81.0,0.0,7.1,3.6,4.8,3.6,0.0,0.0
FC,12,RR,560,411,0,57,53,31,6,1,1,73.4,0.0,10.2,9.5,5.5,1.1,0.2,0.2
FC,12,RL,783,485,0,73,157,55,8,4,1,61.9,0.0,9.3,20.1,7.0,1.0,0.5,0.1
FC,12,LR,309,265,0,21,18,4,0,1,0,85.8,0.0,6.8,5.8,1.3,0.0,0.3,0.0
FC,12,LL,40,33,0,3,2,2,0,0,0,82.5,0.0,7.5,5.0,5.0,0.0,0.0,0.0
FC,13,RR,94,71,0,6,9,4,1,3,0,75.5,0.0,6.4,9.6,4.3,1.1,3.2,0.0
FC,13,RL,256,235,0,10,4,7,0,0,0,91.8,0.0,3.9,1.6,2.7,0.0,0.0,0.0
FC,13,LR,515,301,0,89,99,19,2,4,1,58.4,0.0,17.3,19.2,3.7,0.4,0.8,0.2
FC,13,LL,298,220,0,47,15,11,5,0,0,73.8,0.0,15.8,5.0,3.7,1.7,0.0,0.0
FC,14,RR,1522,1103,0,210,116,67,25,1,0,72.5,0.0,13.8,7.6,4.4,1.6,0.1,0.0
FC,14,RL,898,547,0,140,156,37,8,7,3,60.9,0.0,15.6,17.4,4.1,0.9,0.8,0.3
FC,14,LR,130,108,0,5,8,8,1,0,0,83.1,0.0,3.8,6.2,6.2,0.8,0.0,0.0
FC,14,LL,29,20,0,3,4,0,1,1,0,69.0,0.0,10.3,13.8,0.0,3.4,3.4,0.0
SL,1,RR,254,0,133,16,54,38,10,2,1,0.0,52.4,6.3,21.3,15.0,3.9,0.8,0.4
SL,1,RL,222,0,159,30,24,7,1,1,0,0.0,71.6,13.5,10.8,3.2,0.5,0.5,0.0
SL,1,LR,73,0,27,7,20,10,8,1,0,0.0,37.0,9.6,27.4,13.7,11.0,1.4,0.0
SL,1,LL,61,0,40,4,9,4,1,2,1,0.0,65.6,6.6,14.8,6.6,1.6,3.3,1.6
SL,2,RR,404,0,169,52,82,63,17,7,14,0.0,41.8,12.9,20.3,15.6,4.2,1.7,3.5
SL,2,RL,217,0,91,33,56,24,7,1,5,0.0,41.9,15.2,25.8,11.1,3.2,0.5,2.3
SL,2,LR,138,0,55,25,32,14,8,3,1,0.0,39.9,18.1,23.2,10.1,5.8,2.2,0.7
SL,2,LL,103,0,47,11,20,20,0,2,3,0.0,45.6,10.7,19.4,19.4,0.0,1.9,2.9
SL,3,RR,310,0,157,27,55,50,11,7,3,0.0,50.6,8.7,17.7,16.1,3.5,2.3,1.0
SL,3,RL,131,0,52,11,34,29,3,0,2,0.0,39.7,8.4,26.0,22.1,2.3,0.0,1.5
SL,3,LR,118,0,76,20,15,4,1,2,0,0.0,64.4,16.9,12.7,3.4,0.8,1.7,0.0
SL,3,LL,72,0,27,11,26,7,1,0,0,0.0,37.5,15.3,36.1,9.7,1.4,0.0,0.0
SL,4,RR,400,0,155,19,97,91,20,12,6,0.0,38.8,4.8,24.3,22.8,5.0,3.0,1.5
SL,4,RL,355,0,170,28,69,57,17,5,9,0.0,47.9,7.9,19.4,16.1,4.8,1.4,2.5
SL,4,LR,193,0,29,13,83,48,10,5,5,0.0,15.0,6.7,43.0,24.9,5.2,2.6,2.6
SL,4,LL,200,0,51,28,48,44,21,5,3,0.0,25.5,14.0,24.0,22.0,10.5,2.5,1.5
SL,5,RR,808,0,210,65,223,195,48,42,25,0.0,26.0,8.0,27.6,24.1,5.9,5.2,3.1
SL,5,RL,481,0,104,48,139,128,28,19,15,0.0,21.6,10.0,28.9,26.6,5.8,4.0,3.1
SL,5,LR,274,0,59,16,75,85,29,7,3,0.0,21.5,5.8,27.4,31.0,10.6,2.6,1.1
SL,5,LL,203,0,37,25,65,53,15,6,2,0.0,18.2,12.3,32.0,26.1,7.4,3.0,1.0
SL,6,RR,806,0,206,119,196,179,68,22,16,0.0,25.6,14.8,24.3,22.2,8.4,2.7,2.0
SL,6,RL,326,0,56,23,140,63,23,10,11,0.0,17.2,7.1,42.9,19.3,7.1,3.1,3.4
SL,6,LR,205,0,99,21,38,33,8,4,2,0.0,48.3,10.2,18.5,16.1,3.9,2.0,1.0
SL,6,LL,111,0,44,11,23,15,10,6,2,0.0,39.6,9.9,20.7,13.5,9.0,5.4,1.8
SL,7,RR,282,0,108,31,72,51,8,7,5,0.0,38.3,11.0,25.5,18.1,2.8,2.5,1.8
SL,7,RL,399,0,191,30,67,84,17,6,4,0.0,47.9,7.5,16.8,21.1,4.3,1.5,1.0
SL,7,LR,299,0,80,64,97,42,8,4,4,0.0,26.8,21.4,32.4,14.0,2.7,1.3,1.3
SL,7,LL,280,0,84,70,57,49,17,2,1,0.0,30.0,25.0,20.4,17.5,6.1,0.7,0.4
SL,8,RR,816,0,210,120,202,198,57,18,11,0.0,25.7,14.7,24.8,24.3,7.0,2.2,1.3
SL,8,RL,657,0,135,95,173,180,40,19,15,0.0,20.5,14.5,26.3,27.4,6.1,2.9,2.3
SL,8,LR,342,0,80,59,81,88,19,7,8,0.0,23.4,17.3,23.7,25.7,5.6,2.0,2.3
SL,8,LL,204,0,51,42,49,44,14,1,3,0.0,25.0,20.6,24.0,21.6,6.9,0.5,1.5
SL,9,RR,1138,0,308,246,224,256,73,29,2,0.0,27.1,21.6,19.7,22.5,6.4,2.5,0.2
SL,9,RL,555,0,104,128,185,83,25,16,14,0.0,18.7,23.1,33.3,15.0,4.5,2.9,2.5
SL,9,LR,191,0,79,30,28,40,13,1,0,0.0,41.4,15.7,14.7,20.9,6.8,0.5,0.0
SL,9,LL,79,0,34,12,19,7,5,2,0,0.0,43.0,15.2,24.1,8.9,6.3,2.5,0.0
SL,11,RR,455,354,0,31,45,20,5,0,0,77.8,0.0,6.8,9.9,4.4,1.1,0.0,0.0
SL,11,RL,592,534,0,21,25,8,1,2,1,90.2,0.0,3.5,4.2,1.4,0.2,0.3,0.2
SL,11,LR,119,82,0,11,19,4,0,2,1,68.9,0.0,9.2,16.0,3.4,0.0,1.7,0.8
SL,11,LL,141,107,0,12,11,7,3,1,0,75.9,0.0,8.5,7.8,5.0,2.1,0.7,0.0
SL,12,RR,565,393,0,54,54,45,18,1,0,69.6,0.0,9.6,9.6,8.0,3.2,0.2,0.0
SL,12,RL,180,107,0,20,39,9,4,1,0,59.4,0.0,11.1,21.7,5.0,2.2,0.6,0.0
SL,12,LR,290,270,0,7,6,6,1,0,0,93.1,0.0,2.4,2.1,2.1,0.3,0.0,0.0
SL,12,LL,145,123,0,9,8,3,1,0,1,84.8,0.0,6.2,5.5,2.1,0.7,0.0,0.7
SL,13,RR,446,290,0,71,60,13,7,3,2,65.0,0.0,15.9,13.5,2.9,1.6,0.7,0.4
SL,13,RL,899,642,0,126,58,49,19,5,0,71.4,0.0,14.0,6.5,5.5,2.1,0.6,0.0
SL,13,LR,1262,729,0,354,141,20,9,4,5,57.8,0.0,28.1,11.2,1.6,0.7,0.3,0.4
SL,13,LL,1269,865,0,274,70,47,12,1,0,68.2,0.0,21.6,5.5,3.7,0.9,0.1,0.0
SL,14,RR,5187,3478,0,1144,265,212,82,5,1,67.1,0.0,22.1,5.1,4.1,1.6,0.1,0.0
SL,14,RL,2264,1360,0,562,256,61,17,6,2,60.1,0.0,24.8,11.3,2.7,0.8,0.3,0.1
SL,14,LR,424,301,0,51,38,28,5,0,1,71.0,0.0,12.0,9.0,6.6,1.2,0.0,0.2
SL,14,LL,146,85,0,30,18,8,4,1,0,58.2,0.0,20.5,12.3,5.5,2.7,0.7,0.0
ST,1,RR,187,0,103,30,36,12,4,1,1,0.0,55.1,16.0,19.3,6.4,2.1,0.5,0.5
ST,1,RL,118,0,85,9,17,6,1,0,0,0.0,72.0,7.6,14.4,5.1,0.8,0.0,0.0
ST,1,LR,25,0,12,1,12,0,0,0,0,0.0,48.0,4.0,48.0,0.0,0.0,0.0,0.0
ST,1,LL,51,0,28,8,7,6,2,0,0,0.0,54.9,15.7,13.7,11.8,3.9,0.0,0.0
ST,2,RR,221,0,80,21,64,39,10,2,5,0.0,36.2,9.5,29.0,17.6,4.5,0.9,2.3
ST,2,RL,82,0,35,7,20,13,4,1,2,0.0,42.7,8.5,24.4,15.9,4.9,1.2,2.4
ST,2,LR,58,0,22,7,9,13,2,2,3,0.0,37.9,12.1,15.5,22.4,3.4,3.4,5.2
ST,2,LL,63,0,30,7,12,5,3,2,4,0.0,47.6,11.1,19.0,7.9,4.8,3.2,6.3
ST,3,RR,192,0,85,21,45,29,8,2,2,0.0,44.3,10.9,23.4,15.1,4.2,1.0,1.0
ST,3,RL,55,0,23,4,18,5,3,1,1,0.0,41.8,7.3,32.7,9.1,5.5,1.8,1.8
ST,3,LR,63,0,47,4,7,2,2,0,1,0.0,74.6,6.3,11.1,3.2,3.2,0.0,1.6
ST,3,LL,47,0,26,9,6,5,0,1,0,0.0,55.3,19.1,12.8,10.6,0.0,2.1,0.0
ST,4,RR,263,0,116,10,64,54,8,4,7,0.0,44.1,3.8,24.3,20.5,3.0,1.5,2.7
ST,4,RL,221,0,144,13,32,23,4,2,3,0.0,65.2,5.9,14.5,10.4,1.8,0.9,1.4
ST,4,LR,111,0,33,6,42,20,8,1,1,0.0,29.7,5.4,37.8,18.0,7.2,0.9,0.9
ST,4,LL,135,0,31,22,38,30,9,3,2,0.0,23.0,16.3,28.1,22.2,6.7,2.2,1.5
ST,5,RR,475,0,124,42,151,107,26,11,14,0.0,26.1,8.8,31.8,22.5,5.5,2.3,2.9
ST,5,RL,278,0,86,24,82,62,13,4,7,0.0,30.9,8.6,29.5,22.3,4.7,1.4,2.5
ST,5,LR,125,0,43,10,38,20,6,4,4,0.0,34.4,8.0,30.4,16.0,4.8,3.2,3.2
ST,5,LL,124,0,31,14,35,32,6,0,6,0.0,25.0,11.3,28.2,25.8,4.8,0.0,4.8
ST,6,RR,536,0,125,73,126,144,41,17,10,0.0,23.3,13.6,23.5,26.9,7.6,3.2,1.9
ST,6,RL,155,0,34,12,63,31,8,5,2,0.0,21.9,7.7,40.6,20.0,5.2,3.2,1.3
ST,6,LR,105,0,54,8,14,21,6,0,2,0.0,51.4,7.6,13.3,20.0,5.7,0.0,1.9
ST,6,LL,62,0,29,3,22,6,1,0,1,0.0,46.8,4.8,35.5,9.7,1.6,0.0,1.6
ST,7,RR,168,0,76,12,42,26,7,2,3,0.0,45.2,7.1,25.0,15.5,4.2,1.2,1.8
ST,7,RL,198,0,113,6,33,29,13,3,1,0.0,57.1,3.0,16.7,14.6,6.6,1.5,0.5
ST,7,LR,143,0,34,21,56,17,6,4,5,0.0,23.8,14.7,39.2,11.9,4.2,2.8,3.5
ST,7,LL,151,0,42,26,35,37,8,3,0,0.0,27.8,17.2,23.2,24.5,5.3,2.0,0.0
ST,8,RR,413,0,125,38,111,96,19,16,8,0.0,30.3,9.2,26.9,23.2,4.6,3.9,1.9
ST,8,RL,300,0,114,34,85,40,16,9,2,0.0,38.0,11.3,28.3,13.3,5.3,3.0,0.7
ST,8,LR,151,0,48,17,39,33,9,2,3,0.0,31.8,11.3,25.8,21.9,6.0,1.3,2.0
ST,8,LL,114,0,42,12,28,15,6,9,2,0.0,36.8,10.5,24.6,13.2,5.3,7.9,1.8
ST,9,RR,589,0,167,112,118,146,35,11,0,0.0,28.4,19.0,20.0,24.8,5.9,1.9,0.0
ST,9,RL,260,0,65,41,104,28,9,6,7,0.0,25.0,15.8,40.0,10.8,3.5,2.3,2.7
ST,9,LR,91,0,46,5,16,15,5,3,1,0.0,50.5,5.5,17.6,16.5,5.5,3.3,1.1
ST,9,LL,46,0,23,3,11,5,0,3,1,0.0,50.0,6.5,23.9,10.9,0.0,6.5,2.2
ST,11,RR,338,298,0,11,21,8,0,0,0,88.2,0.0,3.3,6.2,2.4,0.0,0.0,0.0
ST,11,RL,392,366,0,5,11,8,1,1,0,93.4,0.0,1.3,2.8,2.0,0.3,0.3,0.0
ST,11,LR,52,32,0,7,8,4,0,1,0,61.5,0.0,13.5,15.4,7.7,0.0,1.9,0.0
ST,11,LL,110,72,0,13,14,9,2,0,0,65.5,0.0,11.8,12.7,8.2,1.8,0.0,0.0
ST,12,RR,433,271,0,44,41,49,21,6,1,62.6,0.0,10.2,9.5,11.3,4.8,1.4,0.2
ST,12,RL,47,24,0,4,16,1,1,1,0,51.1,0.0,8.5,34.0,2.1,2.1,2.1,0.0
ST,12,LR,204,197,0,2,3,2,0,0,0,96.6,0.0,1.0,1.5,1.0,0.0,0.0,0.0
ST,12,LL,97,77,0,6,11,2,0,0,1,79.4,0.0,6.2,11.3,2.1,0.0,0.0,1.0
ST,13,RR,218,157,0,16,28,12,4,1,0,72.0,0.0,7.3,12.8,5.5,1.8,0.5,0.0
ST,13,RL,395,344,0,18,15,12,4,1,1,87.1,0.0,4.6,3.8,3.0,1.0,0.3,0.3
ST,13,LR,527,309,0,126,73,13,1,4,1,58.6,0.0,23.9,13.9,2.5,0.2,0.8,0.2
ST,13,LL,753,512,0,160,36,32,12,1,0,68.0,0.0,21.2,4.8,4.2,1.6,0.1,0.0
ST,14,RR,3348,2262,0,630,201,180,70,4,1,67.6,0.0,18.8,6.0,5.4,2.1,0.1,0.0
ST,14,RL,847,492,0,210,106,28,6,4,1,58.1,0.0,24.8,12.5,3.3,0.7,0.5,0.1
ST,14,LR,182,150,0,12,7,5,4,3,1,82.4,0.0,6.6,3.8,2.7,2.2,1.6,0.5
ST,14,LL,88,63,0,7,8,9,1,0,0,71.6,0.0,8.0,9.1,10.2,1.1,0.0,0.0
CU,1,RR,77,0,52,1,14,7,2,0,1,0.0,67.5,1.3,18.2,9.1,2.6,0.0,1.3
CU,1,RL,160,0,124,8,11,14,2,1,0,0.0,77.5,5.0,6.9,8.8,1.3,0.6,0.0
CU,1,LR,48,0,25,0,8,11,4,0,0,0.0,52.1,0.0,16.7,22.9,8.3,0.0,0.0
CU,1,LL,15,0,11,0,1,2,1,0,0,0.0,73.3,0.0,6.7,13.3,6.7,0.0,0.0
CU,2,RR,96,0,57,6,16,12,4,0,1,0.0,59.4,6.3,16.7,12.5,4.2,0.0,1.0
CU,2,RL,140,0,92,2,21,20,4,0,1,0.0,65.7,1.4,15.0,14.3,2.9,0.0,0.7
CU,2,LR,78,0,54,4,6,10,3,1,0,0.0,69.2,5.1,7.7,12.8,3.8,1.3,0.0
CU,2,LL,23,0,14,3,1,4,0,0,1,0.0,60.9,13.0,4.3,17.4,0.0,0.0,4.3
CU,3,RR,47,0,31,1,9,4,1,1,0,0.0,66.0,2.1,19.1,8.5,2.1,2.1,0.0
CU,3,RL,46,0,30,3,5,6,1,0,1,0.0,65.2,6.5,10.9,13.0,2.2,0.0,2.2
CU,3,LR,99,0,77,2,9,7,4,0,0,0.0,77.8,2.0,9.1,7.1,4.0,0.0,0.0
CU,3,LL,28,0,13,2,7,3,3,0,0,0.0,46.4,7.1,25.0,10.7,10.7,0.0,0.0
CU,4,RR,137,0,69,8,36,13,6,4,1,0.0,50.4,5.8,26.3,9.5,4.4,2.9,0.7
CU,4,RL,342,0,198,11,50,63,15,3,2,0.0,57.9,3.2,14.6,18.4,4.4,0.9,0.6
CU,4,LR,76,0,32,5,23,11,4,0,1,0.0,42.1,6.6,30.3,14.5,5.3,0.0,1.3
CU,4,LL,40,0,13,2,11,9,3,1,1,0.0,32.5,5.0,27.5,22.5,7.5,2.5,2.5
CU,5,RR,195,0,72,9,39,54,11,6,4,0.0,36.9,4.6,20.0,27.7,5.6,3.1,2.1
CU,5,RL,331,0,131,10,77,75,23,10,5,0.0,39.6,3.0,23.3,22.7,6.9,3.0,1.5
CU,5,LR,184,0,76,7,34,51,9,3,4,0.0,41.3,3.8,18.5,27.7,4.9,1.6,2.2
CU,5,LL,36,0,13,3,8,8,2,0,2,0.0,36.1,8.3,22.2,22.2,5.6,0.0,5.6
CU,6,RR,146,0,53,13,26,34,12,4,4,0.0,36.3,8.9,17.8,23.3,8.2,2.7,2.7
CU,6,RL,173,0,70,6,47,34,8,5,3,0.0,40.5,3.5,27.2,19.7,4.6,2.9,1.7
CU,6,LR,171,0,108,1,16,33,7,3,3,0.0,63.2,0.6,9.4,19.3,4.1,1.8,1.8
CU,6,LL,46,0,18,3,17,6,1,1,0,0.0,39.1,6.5,37.0,13.0,2.2,2.2,0.0
CU,7,RR,102,0,36,15,27,18,2,1,3,0.0,35.3,14.7,26.5,17.6,2.0,1.0,2.9
CU,7,RL,335,0,143,30,58,78,19,6,1,0.0,42.7,9.0,17.3,23.3,5.7,1.8,0.3
CU,7,LR,189,0,59,28,72,22,2,3,3,0.0,31.2,14.8,38.1,11.6,1.1,1.6,1.6
CU,7,LL,63,0,20,18,7,12,5,1,0,0.0,31.7,28.6,11.1,19.0,7.9,1.6,0.0
CU,8,RR,236,0,53,27,62,65,11,10,8,0.0,22.5,11.4,26.3,27.5,4.7,4.2,3.4
CU,8,RL,459,0,148,54,115,89,27,17,9,0.0,32.2,11.8,25.1,19.4,5.9,3.7,2.0
CU,8,LR,245,0,79,23,66,46,13,12,6,0.0,32.2,9.4,26.9,18.8,5.3,4.9,2.4
CU,8,LL,63,0,13,9,12,20,4,3,2,0.0,20.6,14.3,19.0,31.7,6.3,4.8,3.2
CU,9,RR,248,0,66,45,50,63,18,4,2,0.0,26.6,18.1,20.2,25.4,7.3,1.6,0.8
CU,9,RL,285,0,96,51,94,24,9,7,4,0.0,33.7,17.9,33.0,8.4,3.2,2.5,1.4
CU,9,LR,162,0,63,16,28,38,17,0,0,0.0,38.9,9.9,17.3,23.5,10.5,0.0,0.0
CU,9,LL,25,0,8,4,8,2,2,0,1,0.0,32.0,16.0,32.0,8.0,8.0,0.0,4.0
CU,11,RR,169,155,0,1,7,3,2,1,0,91.7,0.0,0.6,4.1,1.8,1.2,0.6,0.0
CU,11,RL,572,538,0,6,12,14,2,0,0,94.1,0.0,1.0,2.1,2.4,0.3,0.0,0.0
CU,11,LR,50,44,0,1,4,1,0,0,0,88.0,0.0,2.0,8.0,2.0,0.0,0.0,0.0
CU,11,LL,29,25,0,2,0,1,1,0,0,86.2,0.0,6.9,0.0,3.4,3.4,0.0,0.0
CU,12,RR,73,55,0,6,2,7,3,0,0,75.3,0.0,8.2,2.7,9.6,4.1,0.0,0.0
CU,12,RL,56,45,0,0,6,2,2,1,0,80.4,0.0,0.0,10.7,3.6,3.6,1.8,0.0
CU,12,LR,296,287,0,4,0,5,0,0,0,97.0,0.0,1.4,0.0,1.7,0.0,0.0,0.0
CU,12,LL,43,41,0,0,0,2,0,0,0,95.3,0.0,0.0,0.0,4.7,0.0,0.0,0.0
CU,13,RR,224,134,0,35,38,13,1,3,0,59.8,0.0,15.6,17.0,5.8,0.4,1.3,0.0
CU,13,RL,893,612,0,115,76,68,19,3,0,68.5,0.0,12.9,8.5,7.6,2.1,0.3,0.0
CU,13,LR,900,548,0,233,87,25,3,2,2,60.9,0.0,25.9,9.7,2.8,0.3,0.2,0.2
CU,13,LL,321,224,0,61,22,7,6,1,0,69.8,0.0,19.0,6.9,2.2,1.9,0.3,0.0
CU,14,RR,1221,847,0,219,70,53,28,4,0,69.4,0.0,17.9,5.7,4.3,2.3,0.3,0.0
CU,14,RL,1520,976,0,323,161,35,13,8,4,64.2,0.0,21.3,10.6,2.3,0.9,0.5,0.3
CU,14,LR,387,263,0,51,29,34,8,2,0,68.0,0.0,13.2,7.5,8.8,2.1,0.5,0.0
CU,14,LL,44,19,0,6,12,6,0,0,1,43.2,0.0,13.6,27.3,13.6,0.0,0.0,2.3
KC,1,RR,19,0,10,2,4,3,0,0,0,0.0,52.6,10.5,21.1,15.8,0.0,0.0,0.0
KC,1,RL,44,0,33,0,5,5,1,0,0,0.0,75.0,0.0,11.4,11.4,2.3,0.0,0.0
KC,1,LR,1,0,1,0,0,0,0,0,0,0.0,100.0,0.0,0.0,0.0,0.0,0.0,0.0
KC,1,LL,2,0,1,0,0,1,0,0,0,0.0,50.0,0.0,0.0,50.0,0.0,0.0,0.0
KC,2,RR,22,0,12,0,4,3,2,1,0,0.0,54.5,0.0,18.2,13.6,9.1,4.5,0.0
KC,2,RL,27,0,19,1,2,1,1,2,1,0.0,70.4,3.7,7.4,3.7,3.7,7.4,3.7
KC,2,LR,14,0,11,0,3,0,0,0,0,0.0,78.6,0.0,21.4,0.0,0.0,0.0,0.0
KC,2,LL,2,0,1,0,1,0,0,0,0,0.0,50.0,0.0,50.0,0.0,0.0,0.0,0.0
KC,3,RR,9,0,5,0,1,2,1,0,0,0.0,55.6,0.0,11.1,22.2,11.1,0.0,0.0
KC,3,RL,17,0,13,0,2,2,0,0,0,0.0,76.5,0.0,11.8,11.8,0.0,0.0,0.0
KC,3,LR,19,0,18,0,0,0,1,0,0,0.0,94.7,0.0,0.0,0.0,5.3,0.0,0.0
KC,3,LL,4,0,3,0,1,0,0,0,0,0.0,75.0,0.0,25.0,0.0,0.0,0.0,0.0
KC,4,RR,41,0,19,3,11,5,2,1,0,0.0,46.3,7.3,26.8,12.2,4.9,2.4,0.0
KC,4,RL,75,0,43,5,7,8,6,4,2,0.0,57.3,6.7,9.3,10.7,8.0,5.3,2.7
KC,4,LR,15,0,5,2,4,2,0,1,1,0.0,33.3,13.3,26.7,13.3,0.0,6.7,6.7
KC,4,LL,4,0,1,1,0,1,1,0,0,0.0,25.0,25.0,0.0,25.0,25.0,0.0,0.0
KC,5,RR,53,0,12,3,15,13,5,3,2,0.0,22.6,5.7,28.3,24.5,9.4,5.7,3.8
KC,5,RL,90,0,36,5,13,22,9,2,3,0.0,40.0,5.6,14.4,24.4,10.0,2.2,3.3
KC,5,LR,36,0,12,3,8,10,0,2,1,0.0,33.3,8.3,22.2,27.8,0.0,5.6,2.8
KC,5,LL,7,0,4,0,1,0,1,1,0,0.0,57.1,0.0,14.3,0.0,14.3,14.3,0.0
KC,6,RR,40,0,16,1,9,11,1,2,0,0.0,40.0,2.5,22.5,27.5,2.5,5.0,0.0
KC,6,RL,34,0,16,3,6,6,0,0,3,0.0,47.1,8.8,17.6,17.6,0.0,0.0,8.8
KC,6,LR,28,0,14,1,5,5,1,1,1,0.0,50.0,3.6,17.9,17.9,3.6,3.6,3.6
KC,6,LL,6,0,1,1,2,2,0,0,0,0.0,16.7,16.7,33.3,33.3,0.0,0.0,0.0
KC,7,RR,25,0,10,3,7,1,2,1,1,0.0,40.0,12.0,28.0,4.0,8.0,4.0,4.0
KC,7,RL,83,0,29,10,23,12,7,2,0,0.0,34.9,12.0,27.7,14.5,8.4,2.4,0.0
KC,7,LR,39,0,15,5,12,4,0,1,2,0.0,38.5,12.8,30.8,10.3,0.0,2.6,5.1
KC,7,LL,18,0,6,2,1,9,0,0,0,0.0,33.3,11.1,5.6,50.0,0.0,0.0,0.0
KC,8,RR,83,0,21,16,29,13,4,0,0,0.0,25.3,19.3,34.9,15.7,4.8,0.0,0.0
KC,8,RL,141,0,43,18,46,18,5,6,5,0.0,30.5,12.8,32.6,12.8,3.5,4.3,3.5
KC,8,LR,50,0,13,8,15,13,1,0,0,0.0,26.0,16.0,30.0,26.0,2.0,0.0,0.0
KC,8,LL,7,0,2,1,2,2,0,0,0,0.0,28.6,14.3,28.6,28.6,0.0,0.0,0.0
KC,9,RR,87,0,34,20,12,15,4,1,1,0.0,39.1,23.0,13.8,17.2,4.6,1.1,1.1
KC,9,RL,82,0,25,16,30,8,0,2,1,0.0,30.5,19.5,36.6,9.8,0.0,2.4,1.2
KC,9,LR,31,0,11,3,7,7,3,0,0,0.0,35.5,9.7,22.6,22.6,9.7,0.0,0.0
KC,9,LL,4,0,1,1,0,1,1,0,0,0.0,25.0,25.0,0.0,25.0,25.0,0.0,0.0
KC,11,RR,49,45,0,0,2,1,1,0,0,91.8,0.0,0.0,4.1,2.0,2.0,0.0,0.0
KC,11,RL,145,141,0,1,1,1,1,0,0,97.2,0.0,0.7,0.7,0.7,0.7,0.0,0.0
KC,11,LR,9,8,0,0,1,0,0,0,0,88.9,0.0,0.0,11.1,0.0,0.0,0.0,0.0
KC,11,LL,0,0,0,0,0,0,0,0,0,,,,,,,,
KC,12,RR,26,22,0,1,2,1,0,0,0,84.6,0.0,3.8,7.7,3.8,0.0,0.0,0.0
KC,12,RL,7,5,0,0,2,0,0,0,0,71.4,0.0,0.0,28.6,0.0,0.0,0.0,0.0
KC,12,LR,37,35,0,0,1,1,0,0,0,94.6,0.0,0.0,2.7,2.7,0.0,0.0,0.0
KC,12,LL,8,7,0,0,1,0,0,0,0,87.5,0.0,0.0,12.5,0.0,0.0,0.0,0.0
KC,13,RR,66,30,0,20,8,6,1,1,0,45.5,0.0,30.3,12.1,9.1,1.5,1.5,0.0
KC,13,RL,292,175,0,58,25,26,5,2,1,59.9,0.0,19.9,8.6,8.9,1.7,0.7,0.3
KC,13,LR,200,125,0,41,27,6,0,1,0,62.5,0.0,20.5,13.5,3.0,0.0,0.5,0.0
KC,13,LL,56,41,0,12,2,0,1,0,0,73.2,0.0,21.4,3.6,0.0,1.8,0.0,0.0
KC,14,RR,471,303,0,109,23,26,6,2,2,64.3,0.0,23.1,4.9,5.5,1.3,0.4,0.4
KC,14,RL,531,327,0,131,46,17,7,3,0,61.6,0.0,24.7,8.7,3.2,1.3,0.6,0.0
KC,14,LR,94,58,0,17,11,5,3,0,0,61.7,0.0,18.1,11.7,5.3,3.2,0.0,0.0
KC,14,LL,16,12,0,2,2,0,0,0,0,75.0,0.0,12.5,12.5,0.0,0.0,0.0,0.0
CH,1,RR,70,0,18,4,27,18,3,0,0,0.0,25.7,5.7,38.6,25.7,4.3,0.0,0.0
CH,1,RL,221,0,106,17,37,41,15,1,4,0.0,48.0,7.7,16.7,18.6,6.8,0.5,1.8
CH,1,LR,31,0,17,1,6,4,1,1,1,0.0,54.8,3.2,19.4,12.9,3.2,3.2,3.2
CH,1,LL,4,0,3,0,1,0,0,0,0,0.0,75.0,0.0,25.0,0.0,0.0,0.0,0.0
CH,2,RR,60,0,26,6,17,7,2,1,1,0.0,43.3,10.0,28.3,11.7,3.3,1.7,1.7
CH,2,RL,117,0,56,8,20,25,4,2,2,0.0,47.9,6.8,17.1,21.4,3.4,1.7,1.7
CH,2,LR,92,0,42,5,22,16,3,2,2,0.0,45.7,5.4,23.9,17.4,3.3,2.2,2.2
CH,2,LL,8,0,2,0,4,2,0,0,0,0.0,25.0,0.0,50.0,25.0,0.0,0.0,0.0
CH,3,RR,30,0,9,2,6,9,2,2,0,0.0,30.0,6.7,20.0,30.0,6.7,6.7,0.0
CH,3,RL,37,0,24,1,10,2,0,0,0,0.0,64.9,2.7,27.0,5.4,0.0,0.0,0.0
CH,3,LR,200,0,79,14,40,49,9,3,6,0.0,39.5,7.0,20.0,24.5,4.5,1.5,3.0
CH,3,LL,11,0,3,0,4,4,0,0,0,0.0,27.3,0.0,36.4,36.4,0.0,0.0,0.0
CH,4,RR,184,0,24,25,68,44,8,8,7,0.0,13.0,13.6,37.0,23.9,4.3,4.3,3.8
CH,4,RL,655,0,122,83,165,209,54,14,8,0.0,18.6,12.7,25.2,31.9,8.2,2.1,1.2
CH,4,LR,84,0,42,8,17,12,0,4,1,0.0,50.0,9.5,20.2,14.3,0.0,4.8,1.2
CH,4,LL,19,0,9,1,7,2,0,0,0,0.0,47.4,5.3,36.8,10.5,0.0,0.0,0.0
CH,5,RR,170,0,28,36,53,28,15,5,5,0.0,16.5,21.2,31.2,16.5,8.8,2.9,2.9
CH,5,RL,457,0,88,54,129,125,27,17,17,0.0,19.3,11.8,28.2,27.4,5.9,3.7,3.7
CH,5,LR,296,0,53,36,83,84,17,16,7,0.0,17.9,12.2,28.0,28.4,5.7,5.4,2.4
CH,5,LL,28,0,2,4,12,5,2,2,1,0.0,7.1,14.3,42.9,17.9,7.1,7.1,3.6
CH,6,RR,88,0,26,15,19,20,3,4,1,0.0,29.5,17.0,21.6,22.7,3.4,4.5,1.1
CH,6,RL,158,0,67,8,51,20,6,5,1,0.0,42.4,5.1,32.3,12.7,3.8,3.2,0.6
CH,6,LR,450,0,76,87,99,134,37,9,8,0.0,16.9,19.3,22.0,29.8,8.2,2.0,1.8
CH,6,LL,33,0,5,5,17,3,2,1,0,0.0,15.2,15.2,51.5,9.1,6.1,3.0,0.0
CH,7,RR,242,0,41,57,92,30,10,6,6,0.0,16.9,23.6,38.0,12.4,4.1,2.5,2.5
CH,7,RL,888,0,150,186,196,278,61,12,5,0.0,16.9,20.9,22.1,31.3,6.9,1.4,0.6
CH,7,LR,246,0,106,39,61,26,3,8,3,0.0,43.1,15.9,24.8,10.6,1.2,3.3,1.2
CH,7,LL,27,0,10,7,6,4,0,0,0,0.0,37.0,25.9,22.2,14.8,0.0,0.0,0.0
CH,8,RR,296,0,39,64,92,70,17,10,4,0.0,13.2,21.6,31.1,23.6,5.7,3.4,1.4
CH,8,RL,772,0,158,138,201,171,62,25,17,0.0,20.5,17.9,26.0,22.2,8.0,3.2,2.2
CH,8,LR,541,0,114,115,140,123,30,7,12,0.0,21.1,21.3,25.9,22.7,5.5,1.3,2.2
CH,8,LL,39,0,5,11,14,6,2,1,0,0.0,12.8,28.2,35.9,15.4,5.1,2.6,0.0
CH,9,RR,158,0,47,34,42,19,14,1,1,0.0,29.7,21.5,26.6,12.0,8.9,0.6,0.6
CH,9,RL,337,0,145,48,87,35,13,7,2,0.0,43.0,14.2,25.8,10.4,3.9,2.1,0.6
CH,9,LR,599,0,83,149,122,167,61,12,5,0.0,13.9,24.9,20.4,27.9,10.2,2.0,0.8
CH,9,LL,36,0,5,11,9,7,2,2,0,0.0,13.9,30.6,25.0,19.4,5.6,5.6,0.0
CH,11,RR,197,124,0,11,45,13,4,0,0,62.9,0.0,5.6,22.8,6.6,2.0,0.0,0.0
CH,11,RL,1089,873,0,37,86,66,25,2,0,80.2,0.0,3.4,7.9,6.1,2.3,0.2,0.0
CH,11,LR,29,24,0,0,3,2,0,0,0,82.8,0.0,0.0,10.3,6.9,0.0,0.0,0.0
CH,11,LL,9,9,0,0,0,0,0,0,0,100.0,0.0,0.0,0.0,0.0,0.0,0.0,0.0
CH,12,RR,25,18,0,3,1,2,1,0,0,72.0,0.0,12.0,4.0,8.0,4.0,0.0,0.0
CH,12,RL,34,33,0,0,1,0,0,0,0,97.1,0.0,0.0,2.9,0.0,0.0,0.0,0.0
CH,12,LR,803,606,0,45,67,63,15,6,1,75.5,0.0,5.6,8.3,7.8,1.9,0.7,0.1
CH,12,LL,38,20,0,3,11,4,0,0,0,52.6,0.0,7.9,28.9,10.5,0.0,0.0,0.0
CH,13,RR,637,311,0,155,119,32,11,6,3,48.8,0.0,24.3,18.7,5.0,1.7,0.9,0.5
CH,13,RL,3240,1803,0,625,343,356,101,10,2,55.6,0.0,19.3,10.6,11.0,3.1,0.3,0.1
CH,13,LR,1091,827,0,145,69,31,10,6,3,75.8,0.0,13.3,6.3,2.8,0.9,0.5,0.3
CH,13,LL,153,118,0,23,9,2,1,0,0,77.1,0.0,15.0,5.9,1.3,0.7,0.0,0.0
CH,14,RR,937,701,0,159,38,27,10,2,0,74.8,0.0,17.0,4.1,2.9,1.1,0.2,0.0
CH,14,RL,1631,1274,0,190,91,47,20,8,1,78.1,0.0,11.6,5.6,2.9,1.2,0.5,0.1
CH,14,LR,2393,1304,0,498,269,226,87,7,2,54.5,0.0,20.8,11.2,9.4,3.6,0.3,0.1
CH,14,LL,140,71,0,40,20,7,1,1,0,50.7,0.0,28.6,14.3,5.0,0.7,0.7,0.0
FS,1,RR,36,0,15,2,8,9,1,0,1,0.0,41.7,5.6,22.2,25.0,2.8,0.0,2.8
FS,1,RL,72,0,27,9,16,14,5,0,1,0.0,37.5,12.5,22.2,19.4,6.9,0.0,1.4
FS,1,LR,0,0,0,0,0,0,0,0,0,,,,,,,,
FS,1,LL,1,0,0,0,1,0,0,0,0,0.0,0.0,0.0,100.0,0.0,0.0,0.0,0.0
FS,2,RR,30,0,11,4,6,6,2,0,1,0.0,36.7,13.3,20.0,20.0,6.7,0.0,3.3
FS,2,RL,50,0,18,5,13,14,0,0,0,0.0,36.0,10.0,26.0,28.0,0.0,0.0,0.0
FS,2,LR,5,0,2,0,0,2,1,0,0,0.0,40.0,0.0,0.0,40.0,20.0,0.0,0.0
FS,2,LL,1,0,0,1,0,0,0,0,0,0.0,0.0,100.0,0.0,0.0,0.0,0.0,0.0
FS,3,RR,17,0,6,2,4,4,1,0,0,0.0,35.3,11.8,23.5,23.5,5.9,0.0,0.0
FS,3,RL,20,0,8,1,5,4,2,0,0,0.0,40.0,5.0,25.0,20.0,10.0,0.0,0.0
FS,3,LR,14,0,6,0,4,3,1,0,0,0.0,42.9,0.0,28.6,21.4,7.1,0.0,0.0
FS,3,LL,1,0,1,0,0,0,0,0,0,0.0,100.0,0.0,0.0,0.0,0.0,0.0,0.0
FS,4,RR,93,0,18,9,38,22,4,1,1,0.0,19.4,9.7,40.9,23.7,4.3,1.1,1.1
FS,4,RL,255,0,51,31,62,83,20,6,2,0.0,20.0,12.2,24.3,32.5,7.8,2.4,0.8
FS,4,LR,5,0,5,0,0,0,0,0,0,0.0,100.0,0.0,0.0,0.0,0.0,0.0,0.0
FS,4,LL,1,0,0,0,1,0,0,0,0,0.0,0.0,0.0,100.0,0.0,0.0,0.0,0.0
FS,5,RR,92,0,12,10,38,22,7,1,2,0.0,13.0,10.9,41.3,23.9,7.6,1.1,2.2
FS,5,RL,138,0,28,12,46,39,9,2,2,0.0,20.3,8.7,33.3,28.3,6.5,1.4,1.4
FS,5,LR,19,0,2,3,6,4,1,0,3,0.0,10.5,15.8,31.6,21.1,5.3,0.0,15.8
FS,5,LL,1,0,0,0,0,0,0,1,0,0.0,0.0,0.0,0.0,0.0,0.0,100.0,0.0
FS,6,RR,41,0,14,7,7,8,3,2,0,0.0,34.1,17.1,17.1,19.5,7.3,4.9,0.0
FS,6,RL,40,0,14,3,12,6,2,1,2,0.0,35.0,7.5,30.0,15.0,5.0,2.5,5.0
FS,6,LR,34,0,8,2,11,11,2,0,0,0.0,23.5,5.9,32.4,32.4,5.9,0.0,0.0
FS,6,LL,3,0,0,1,1,1,0,0,0,0.0,0.0,33.3,33.3,33.3,0.0,0.0,0.0
FS,7,RR,98,0,21,16,33,20,3,4,1,0.0,21.4,16.3,33.7,20.4,3.1,4.1,1.0
FS,7,RL,369,0,66,74,87,103,33,5,1,0.0,17.9,20.1,23.6,27.9,8.9,1.4,0.3
FS,7,LR,17,0,4,6,5,1,1,0,0,0.0,23.5,35.3,29.4,5.9,5.9,0.0,0.0
FS,7,LL,0,0,0,0,0,0,0,0,0,,,,,,,,
FS,8,RR,168,0,20,35,58,41,8,4,2,0.0,11.9,20.8,34.5,24.4,4.8,2.4,1.2
FS,8,RL,272,0,44,59,87,56,13,7,6,0.0,16.2,21.7,32.0,20.6,4.8,2.6,2.2
FS,8,LR,42,0,2,17,13,6,1,1,2,0.0,4.8,40.5,31.0,14.3,2.4,2.4,4.8
FS,8,LL,1,0,0,0,0,0,0,1,0,0.0,0.0,0.0,0.0,0.0,0.0,100.0,0.0
FS,9,RR,98,0,23,24,26,14,10,1,0,0.0,23.5,24.5,26.5,14.3,10.2,1.0,0.0
FS,9,RL,135,0,49,25,42,12,4,0,3,0.0,36.3,18.5,31.1,8.9,3.0,0.0,2.2
FS,9,LR,38,0,5,13,5,12,3,0,0,0.0,13.2,34.2,13.2,31.6,7.9,0.0,0.0
FS,9,LL,1,0,0,1,0,0,0,0,0,0.0,0.0,100.0,0.0,0.0,0.0,0.0,0.0
FS,11,RR,122,79,0,7,17,13,3,2,1,64.8,0.0,5.7,13.9,10.7,2.5,1.6,0.8
FS,11,RL,382,320,0,8,30,17,7,0,0,83.8,0.0,2.1,7.9,4.5,1.8,0.0,0.0
FS,11,LR,5,4,0,0,1,0,0,0,0,80.0,0.0,0.0,20.0,0.0,0.0,0.0,0.0
FS,11,LL,1,0,0,0,1,0,0,0,0,0.0,0.0,0.0,100.0,0.0,0.0,0.0,0.0
FS,12,RR,17,14,0,1,2,0,0,0,0,82.4,0.0,5.9,11.8,0.0,0.0,0.0,0.0
FS,12,RL,21,18,0,0,2,1,0,0,0,85.7,0.0,0.0,9.5,4.8,0.0,0.0,0.0
FS,12,LR,59,49,0,3,3,2,2,0,0,83.1,0.0,5.1,5.1,3.4,3.4,0.0,0.0
FS,12,LL,1,1,0,0,0,0,0,0,0,100.0,0.0,0.0,0.0,0.0,0.0,0.0,0.0
FS,13,RR,375,198,0,84,68,12,10,1,2,52.8,0.0,22.4,18.1,3.2,2.7,0.3,0.5
FS,13,RL,1177,661,0,248,126,110,27,4,1,56.2,0.0,21.1,10.7,9.3,2.3,0.3,0.1
FS,13,LR,98,63,0,24,7,2,2,0,0,64.3,0.0,24.5,7.1,2.0,2.0,0.0,0.0
FS,13,LL,13,6,0,6,1,0,0,0,0,46.2,0.0,46.2,7.7,0.0,0.0,0.0,0.0
FS,14,RR,593,418,0,104,32,29,10,0,0,70.5,0.0,17.5,5.4,4.9,1.7,0.0,0.0
FS,14,RL,743,528,0,131,58,16,7,3,0,71.1,0.0,17.6,7.8,2.2,0.9,0.4,0.0
FS,14,LR,173,102,0,38,15,14,3,1,0,59.0,0.0,22.0,8.7,8.1,1.7,0.6,0.0
FS,14,LL,10,5,0,3,1,1,0,0,0,50.0,0.0,30.0,10.0,10.0,0.0,0.0,0.0
SV,1,RR,7,0,4,0,2,1,0,0,0,0.0,57.1,0.0,28.6,14.3,0.0,0.0,0.0
SV,1,RL,8,0,6,1,1,0,0,0,0,0.0,75.0,12.5,12.5,0.0,0.0,0.0,0.0
SV,1,LR,5,0,1,0,3,1,0,0,0,0.0,20.0,0.0,60.0,20.0,0.0,0.0,0.0
SV,1,LL,1,0,1,0,0,0,0,0,0,0.0,100.0,0.0,0.0,0.0,0.0,0.0,0.0
SV,2,RR,6,0,5,0,0,1,0,0,0,0.0,83.3,0.0,0.0,16.7,0.0,0.0,0.0
SV,2,RL,3,0,2,1,0,0,0,0,0,0.0,66.7,33.3,0.0,0.0,0.0,0.0,0.0
SV,2,LR,11,0,7,0,2,2,0,0,0,0.0,63.6,0.0,18.2,18.2,0.0,0.0,0.0
SV,2,LL,4,0,1,0,1,1,0,1,0,0.0,25.0,0.0,25.0,25.0,0.0,25.0,0.0
SV,3,RR,5,0,2,2,1,0,0,0,0,0.0,40.0,40.0,20.0,0.0,0.0,0.0,0.0
SV,3,RL,0,0,0,0,0,0,0,0,0,,,,,,,,
SV,3,LR,10,0,8,0,1,1,0,0,0,0.0,80.0,0.0,10.0,10.0,0.0,0.0,0.0
SV,3,LL,6,0,4,1,0,1,0,0,0,0.0,66.7,16.7,0.0,16.7,0.0,0.0,0.0
SV,4,RR,5,0,3,0,0,1,1,0,0,0.0,60.0,0.0,0.0,20.0,20.0,0.0,0.0
SV,4,RL,18,0,7,2,4,3,1,1,0,0.0,38.9,11.1,22.2,16.7,5.6,5.6,0.0
SV,4,LR,20,0,4,2,11,2,1,0,0,0.0,20.0,10.0,55.0,10.0,5.0,0.0,0.0
SV,4,LL,10,0,1,2,4,3,0,0,0,0.0,10.0,20.0,40.0,30.0,0.0,0.0,0.0
SV,5,RR,19,0,7,0,8,3,1,0,0,0.0,36.8,0.0,42.1,15.8,5.3,0.0,0.0
SV,5,RL,15,0,3,1,4,5,1,1,0,0.0,20.0,6.7,26.7,33.3,6.7,6.7,0.0
SV,5,LR,18,0,8,1,4,4,0,0,1,0.0,44.4,5.6,22.2,22.2,0.0,0.0,5.6
SV,5,LL,7,0,2,0,1,3,1,0,0,0.0,28.6,0.0,14.3,42.9,14.3,0.0,0.0
SV,6,RR,21,0,9,1,2,4,4,0,1,0.0,42.9,4.8,9.5,19.0,19.0,0.0,4.8
SV,6,RL,7,0,2,0,4,1,0,0,0,0.0,28.6,0.0,57.1,14.3,0.0,0.0,0.0
SV,6,LR,19,0,14,0,2,0,3,0,0,0.0,73.7,0.0,10.5,0.0,15.8,0.0,0.0
SV,6,LL,9,0,2,1,3,1,0,1,1,0.0,22.2,11.1,33.3,11.1,0.0,11.1,11.1
SV,7,RR,6,0,4,0,1,0,0,0,1,0.0,66.7,0.0,16.7,0.0,0.0,0.0,16.7
SV,7,RL,14,0,10,0,1,2,1,0,0,0.0,71.4,0.0,7.1,14.3,7.1,0.0,0.0
SV,7,LR,12,0,4,4,2,2,0,0,0,0.0,33.3,33.3,16.7,16.7,0.0,0.0,0.0
SV,7,LL,9,0,4,1,2,1,1,0,0,0.0,44.4,11.1,22.2,11.1,11.1,0.0,0.0
SV,8,RR,23,0,5,2,5,8,0,1,2,0.0,21.7,8.7,21.7,34.8,0.0,4.3,8.7
SV,8,RL,27,0,11,1,10,4,1,0,0,0.0,40.7,3.7,37.0,14.8,3.7,0.0,0.0
SV,8,LR,25,0,13,5,5,1,1,0,0,0.0,52.0,20.0,20.0,4.0,4.0,0.0,0.0
SV,8,LL,15,0,5,2,3,3,0,1,1,0.0,33.3,13.3,20.0,20.0,0.0,6.7,6.7
SV,9,RR,32,0,14,3,7,5,2,1,0,0.0,43.8,9.4,21.9,15.6,6.3,3.1,0.0
SV,9,RL,15,0,5,0,7,1,0,2,0,0.0,33.3,0.0,46.7,6.7,0.0,13.3,0.0
SV,9,LR,9,0,6,0,1,1,1,0,0,0.0,66.7,0.0,11.1,11.1,11.1,0.0,0.0
SV,9,LL,2,0,1,0,1,0,0,0,0,0.0,50.0,0.0,50.0,0.0,0.0,0.0,0.0
SV,11,RR,7,7,0,0,0,0,0,0,0,100.0,0.0,0.0,0.0,0.0,0.0,0.0,0.0
SV,11,RL,30,28,0,0,1,1,0,0,0,93.3,0.0,0.0,3.3,3.3,0.0,0.0,0.0
SV,11,LR,3,2,0,1,0,0,0,0,0,66.7,0.0,33.3,0.0,0.0,0.0,0.0,0.0
SV,11,LL,3,2,0,0,1,0,0,0,0,66.7,0.0,0.0,33.3,0.0,0.0,0.0,0.0
SV,12,RR,9,7,0,1,1,0,0,0,0,77.8,0.0,11.1,11.1,0.0,0.0,0.0,0.0
SV,12,RL,1,0,0,0,1,0,0,0,0,0.0,0.0,0.0,100.0,0.0,0.0,0.0,0.0
SV,12,LR,28,27,0,0,1,0,0,0,0,96.4,0.0,0.0,3.6,0.0,0.0,0.0,0.0
SV,12,LL,8,8,0,0,0,0,0,0,0,100.0,0.0,0.0,0.0,0.0,0.0,0.0,0.0
SV,13,RR,10,7,0,0,1,1,0,0,1,70.0,0.0,0.0,10.0,10.0,0.0,0.0,10.0
SV,13,RL,29,26,0,1,0,2,0,0,0,89.7,0.0,3.4,0.0,6.9,0.0,0.0,0.0
SV,13,LR,54,36,0,10,7,1,0,0,0,66.7,0.0,18.5,13.0,1.9,0.0,0.0,0.0
SV,13,LL,73,52,0,9,7,3,2,0,0,71.2,0.0,12.3,9.6,4.1,2.7,0.0,0.0
SV,14,RR,185,128,0,39,10,6,2,0,0,69.2,0.0,21.1,5.4,3.2,1.1,0.0,0.0
SV,14,RL,81,54,0,18,9,0,0,0,0,66.7,0.0,22.2,11.1,0.0,0.0,0.0,0.0
SV,14,LR,41,37,0,0,2,1,0,1,0,90.2,0.0,0.0,4.9,2.4,0.0,2.4,0.0
SV,14,LL,10,7,0,1,2,0,0,0,0,70.0,0.0,10.0,20.0,0.0,0.0,0.0,0.0
